{"spot_diameter_fullres": 378.12097, "tissue_hires_scalef": 0.04111842, "fiducial_diameter_fullres": 610.8108000000001, "tissue_lowres_scalef": 0.012335527}